{"chunk_definitions":[{"row":11,"row_count":1,"visible":true,"expansion_state":0,"options":{"engine":"r","label":"setup","include":false},"document_id":"C2495438","chunk_id":"csetup_chunk","chunk_label":"setup"},{"row":99,"row_count":1,"visible":true,"expansion_state":0,"options":{"engine":"r","echo":true,"message":false,"warning":false,"paged.print":false,"label":"unnamed-chunk-14"},"document_id":"C2495438","chunk_id":"czi0undd9pywh","chunk_label":"unnamed-chunk-6"}],"doc_write_time":1650901759}